{"cameraMode":{"drawMode":0,"name":"Shaded","section":"Shading Mode"},"sceneLighting":true,"audioPlay":false,"sceneViewState":{"showFog":true,"showMaterialUpdate":false,"showSkybox":false,"showFlares":true,"showImageEffects":true,"showParticleSystems":true},"in2DMode":false,"pivot":{"x":-24.5,"y":2.7226321697235109,"z":0.4598705768585205},"rotation":{"x":0.021060548722743989,"y":0.061444658786058429,"z":-0.0012974966084584594,"w":0.9978874325752258},"size":35.3603515625,"orthographic":false}