{"cameraMode":{"drawMode":0,"name":"Shaded","section":"Shading Mode"},"sceneLighting":false,"audioPlay":false,"sceneViewState":{"showFog":true,"showMaterialUpdate":false,"showSkybox":false,"showFlares":true,"showImageEffects":true,"showParticleSystems":true},"in2DMode":false,"pivot":{"x":1.4999996423721314,"y":0.0,"z":1.4999910593032838},"rotation":{"x":-0.3759773075580597,"y":-0.025013932958245279,"z":0.010153955779969693,"w":-0.926235556602478},"size":7.048803806304932,"orthographic":false}